model,cv_mean_balanced_accuracy,cv_std_balanced_accuracy,cv_mean_fail_recall,cv_std_fail_recall,cv_mean_fail_f1,cv_std_fail_f1,cv_mean_roc_auc,cv_mean_average_precision,cv_mean_ber,cv_std_ber
LR + KernelPCA tuned,0.6057726224392891,0.03899867479203725,0.45855379188712525,0.0883111949093082,0.18560606060606064,0.03142170458908534,0.6752283724505946,0.1662517438541631,0.3942273775607109,0.03899867479203725
LR + SMOTE,0.5625322208655542,0.013346861211673998,0.2173721340388007,0.04043236321866666,0.1714703033012892,0.01412929145412296,0.6371308732419844,0.12857703092272565,0.4374677791344458,0.013346861211673998
LR + class_weight,0.5786935286935287,0.028703398920674777,0.25396825396825395,0.06873217490352687,0.19211098325022377,0.03186296134844165,0.6407350879573102,0.13010365722033765,0.42130647130647125,0.028703398920674777
RF + SelectKBest tuned,0.5346221679555013,0.027006496084493545,0.08377425044091709,0.05397949186173859,0.127993124703651,0.0793388765064668,0.7494121105232217,0.20730880301013732,0.4653778320444987,0.027006496084493545
